antecedent,consequent,support_count,support_frac,confidence,lift,support_antecedent,support_consequent
704 825,39,1035,0.010350,0.939201,22.057338,1102,4258
39 704,825,1035,0.010350,0.934959,30.306624,1107,3085
39 825,704,1035,0.010350,0.871946,48.603461,1187,1794
704,39,1107,0.011070,0.617057,14.491706,1794,4258
704,825,1102,0.011020,0.614270,19.911500,1794,3085
